"","gov","energy","EDP","loadTime"
"1","interactive","3.17811","2.4789258","0.78"
"2","interactive","16.1732014831579","54.8271530279053","3.39"
"3","interactive","37.5763610350526","326.538577394607","8.69"
