,gov,energy,EDP,loadTime
1,powersave,1.286585333,3.859756,3
2,powersave,7.1001322,114.3121284,16.1
3,powersave,11.77004978,310.7293141,26.4
